{
  "Bulgaria": "bulgaria",
  "Korea (South)": "korea-south",
  "Libya": "libya",
  "Malta": "malta",
  "Turks and Caicos Islands": "turks-and-caicos-islands",
  "United Arab Emirates": "united-arab-emirates",
  "Western Sahara": "western-sahara",
  "Sri Lanka": "sri-lanka",
  "Venezuela (Bolivarian Republic)": "venezuela",
  "Comoros": "comoros",
  "Djibouti": "djibouti",
  "Saint Helena": "saint-helena",
  "Switzerland": "switzerland",
  "Cayman Islands": "cayman-islands",
  "Ethiopia": "ethiopia",
  "India": "india",
  "Rwanda": "rwanda",
  "Vanuatu": "vanuatu",
  "Bolivia": "bolivia",
  "Guinea": "guinea",
  "Italy": "italy",
  "Oman": "oman",
  "Pakistan": "pakistan",
  "Saint Vincent and Grenadines": "saint-vincent-and-the-grenadines",
  "Andorra": "andorra",
  "Israel": "israel",
  "Lithuania": "lithuania",
  "South Africa": "south-africa",
  "Mauritania": "mauritania",
  "Uruguay": "uruguay",
  "Netherlands Antilles": "netherlands-antilles",
  "Saint Pierre and Miquelon": "saint-pierre-and-miquelon",
  "Viet Nam": "vietnam",
  "Benin": "benin",
  "Sao Tome and Principe": "sao-tome-and-principe",
  "American Samoa": "american-samoa",
  "China": "china",
  "Nigeria": "nigeria",
  "Northern Mariana Islands": "northern-mariana-islands",
  "Solomon Islands": "solomon-islands",
  "Antarctica": "antarctica",
  "Egypt": "egypt",
  "Gibraltar": "gibraltar",
  "Hong Kong, SAR China": "hong-kong-sar-china",
  "Mongolia": "mongolia",
  "Philippines": "philippines",
  "Singapore": "singapore",
  "Slovakia": "slovakia",
  "Republic of Kosovo": "kosovo",
  "British Indian Ocean Territory": "british-indian-ocean-territory",
  "Heard and Mcdonald Islands": "heard-and-mcdonald-islands",
  "Isle of Man": "isle-of-man",
  "Mali": "mali",
  "Zimbabwe": "zimbabwe",
  "French Polynesia": "french-polynesia",
  "Jersey": "jersey",
  "Angola": "angola",
  "Croatia": "croatia",
  "Mexico": "mexico",
  "Senegal": "senegal",
  "Canada": "canada",
  "Mayotte": "mayotte",
  "US Minor Outlying Islands": "us-minor-outlying-islands",
  "Chad": "chad",
  "Fiji": "fiji",
  "Guinea-Bissau": "guinea-bissau",
  "Madagascar": "madagascar",
  "Micronesia, Federated States of": "micronesia",
  "Saint Kitts and Nevis": "saint-kitts-and-nevis",
  "Uganda": "uganda",
  "Czech Republic": "czech-republic",
  "Pitcairn": "pitcairn",
  "Bouvet Island": "bouvet-island",
  "Kyrgyzstan": "kyrgyzstan",
  "Saudi Arabia": "saudi-arabia",
  "Tuvalu": "tuvalu",
  "Malawi": "malawi",
  "Qatar": "qatar",
  "Ukraine": "ukraine",
  "Guyana": "guyana",
  "Liberia": "liberia",
  "Niger": "niger",
  "Seychelles": "seychelles",
  "Brazil": "brazil",
  "Cameroon": "cameroon",
  "Christmas Island": "christmas-island",
  "Dominican Republic": "dominican-republic",
  "Kuwait": "kuwait",
  "Malaysia": "malaysia",
  "Somalia": "somalia",
  "Algeria": "algeria",
  "Cocos (Keeling) Islands": "cocos-keeling-islands",
  "Nauru": "nauru",
  "Palau": "palau",
  "Russian Federation": "russia",
  "Suriname": "suriname",
  "Afghanistan": "afghanistan",
  "Austria": "austria",
  "Bahamas": "bahamas",
  "Faroe Islands": "faroe-islands",
  "Greenland": "greenland",
  "Honduras": "honduras",
  "Myanmar": "myanmar",
  "Kenya": "kenya",
  "Peru": "peru",
  "Thailand": "thailand",
  "Tunisia": "tunisia",
  "United Kingdom": "united-kingdom",
  "Bangladesh": "bangladesh",
  "Syrian Arab Republic (Syria)": "syria",
  "Belgium": "belgium",
  "Lesotho": "lesotho",
  "Tokelau": "tokelau",
  "Guam": "guam",
  "Korea (North)": "korea-north",
  "Réunion": "réunion",
  "Saint Lucia": "saint-lucia",
  "Samoa": "samoa",
  "San Marino": "san-marino",
  "South Georgia and the South Sandwich Islands": "south-georgia-and-the-south-sandwich-islands",
  "Denmark": "denmark",
  "Ecuador": "ecuador",
  "Turkmenistan": "turkmenistan",
  "Belarus": "belarus",
  "El Salvador": "el-salvador",
  "Tajikistan": "tajikistan",
  "Cuba": "cuba",
  "Montserrat": "montserrat",
  "Albania": "albania",
  "Georgia": "georgia",
  "Jordan": "jordan",
  "Maldives": "maldives",
  "Saint-Barthélemy": "saint-barthélemy",
  "Aruba": "aruba",
  "Papua New Guinea": "papua-new-guinea",
  "Portugal": "portugal",
  "Colombia": "colombia",
  "Gabon": "gabon",
  "Ireland": "ireland",
  "Uzbekistan": "uzbekistan",
  "Cambodia": "cambodia",
  "Costa Rica": "costa-rica",
  "Guernsey": "guernsey",
  "Montenegro": "montenegro",
  "Niue": "niue",
  "Sudan": "sudan",
  "British Virgin Islands": "british-virgin-islands",
  "Congo (Kinshasa)": "congo-kinshasa",
  "Guatemala": "guatemala",
  "Nicaragua": "nicaragua",
  "Svalbard and Jan Mayen Islands": "svalbard-and-jan-mayen-islands",
  "Burkina Faso": "burkina-faso",
  "Mozambique": "mozambique",
  "South Sudan": "south-sudan",
  "Monaco": "monaco",
  "Argentina": "argentina",
  "Bahrain": "bahrain",
  "New Caledonia": "new-caledonia",
  "ALA Aland Islands": "ala-aland-islands",
  "Central African Republic": "central-african-republic",
  "Estonia": "estonia",
  "Finland": "finland",
  "Jamaica": "jamaica",
  "Germany": "germany",
  "Kazakhstan": "kazakhstan",
  "Romania": "romania",
  "French Guiana": "french-guiana",
  "Grenada": "grenada",
  "Guadeloupe": "guadeloupe",
  "Lebanon": "lebanon",
  "Moldova": "moldova",
  "Netherlands": "netherlands",
  "Barbados": "barbados",
  "Côte d'Ivoire": "cote-divoire",
  "Dominica": "dominica",
  "Eritrea": "eritrea",
  "Greece": "greece",
  "Iceland": "iceland",
  "Iraq": "iraq",
  "Taiwan, Republic of China": "taiwan",
  "Bermuda": "bermuda",
  "Equatorial Guinea": "equatorial-guinea",
  "Latvia": "latvia",
  "Spain": "spain",
  "Japan": "japan",
  "Lao PDR": "lao-pdr",
  "Turkey": "turkey",
  "Yemen": "yemen",
  "Botswana": "botswana",
  "United States of America": "united-states",
  "Azerbaijan": "azerbaijan",
  "Nepal": "nepal",
  "Falkland Islands (Malvinas)": "falkland-islands-malvinas",
  "Tanzania, United Republic of": "tanzania",
  "Brunei Darussalam": "brunei",
  "Macedonia, Republic of": "macedonia",
  "Wallis and Futuna Islands": "wallis-and-futuna-islands",
  "Antigua and Barbuda": "antigua-and-barbuda",
  "Hungary": "hungary",
  "Kiribati": "kiribati",
  "Palestine": "palestine",
  "Zambia": "zambia",
  "Bosnia and Herzegovina": "bosnia-and-herzegovina",
  "France": "france",
  "Saint-Martin (French part)": "saint-martin-french-part",
  "Sweden": "sweden",
  "Timor-Leste": "timor-leste",
  "Congo (Brazzaville)": "congo-brazzaville",
  "Armenia": "armenia",
  "Australia": "australia",
  "Bhutan": "bhutan",
  "Ghana": "ghana",
  "Iran, Islamic Republic of": "iran",
  "Trinidad and Tobago": "trinidad-and-tobago",
  "Cyprus": "cyprus",
  "French Southern Territories": "french-southern-territories",
  "Luxembourg": "luxembourg",
  "Panama": "panama",
  "Paraguay": "paraguay",
  "Anguilla": "anguilla",
  "Belize": "belize",
  "Chile": "chile",
  "Gambia": "gambia",
  "Puerto Rico": "puerto-rico",
  "Sierra Leone": "sierra-leone",
  "Swaziland": "swaziland",
  "Tonga": "tonga",
  "Cape Verde": "cape-verde",
  "Norfolk Island": "norfolk-island",
  "Norway": "norway",
  "Serbia": "serbia",
  "Morocco": "morocco",
  "Virgin Islands, US": "virgin-islands",
  "Burundi": "burundi",
  "Haiti": "haiti",
  "Indonesia": "indonesia",
  "Martinique": "martinique",
  "Namibia": "namibia",
  "New Zealand": "new-zealand",
  "Holy See (Vatican City State)": "holy-see-vatican-city-state",
  "Macao, SAR China": "macao-sar-china",
  "Poland": "poland",
  "Togo": "togo",
  "Liechtenstein": "liechtenstein",
  "Marshall Islands": "marshall-islands",
  "Mauritius": "mauritius",
  "Cook Islands": "cook-islands",
  "Slovenia": "slovenia"
}
